<?xml version="1.0" encoding="ISO-8859-1" ?>
<Images>
	<Image>
		<Filename>abstract8.jpg</Filename>
		<Alias>abstract</Alias>
	</Image>
	<Image>
		<Filename>preview.jpg</Filename>
		<Alias>preview</Alias>
	</Image>
	<Image>
		<Filename>Frame1.jpg</Filename>
		<Alias>Bird1</Alias>
	</Image>
	<Image>
		<Filename>Frame2.jpg</Filename>
		<Alias>Bird2</Alias>
	</Image>
	<Image>
		<Filename>Frame3.jpg</Filename>
		<Alias>Bird3</Alias>
	</Image>
	<Image>
		<Filename>Frame4.jpg</Filename>
		<Alias>Bird4</Alias>
	</Image>
	<Image>
		<Filename>Frame5.jpg</Filename>
		<Alias>Bird5</Alias>
	</Image>
	<Image>
		<Filename>Frame6.jpg</Filename>
		<Alias>Bird6</Alias>
	</Image>
	<Image>
		<Filename>Frame7.jpg</Filename>
		<Alias>Bird7</Alias>
	</Image>
	<Image>
		<Filename>Frame8.jpg</Filename>
		<Alias>Bird8</Alias>
	</Image>
	<Image>
		<Filename>Frame9.jpg</Filename>
		<Alias>Bird9</Alias>
	</Image>
	<Image>
		<Filename>Butterfly1.png</Filename>
		<Alias>Butterfly1</Alias>
	</Image>
	<Image>
		<Filename>Butterfly2.png</Filename>
		<Alias>Butterfly2</Alias>
	</Image>
	<Image>
		<Filename>Butterfly3.png</Filename>
		<Alias>Butterfly3</Alias>
	</Image>
	<Image>
		<Filename>prettybackground.jpg</Filename>
		<Alias>Background</Alias>
	</Image>
</Images>