<?xml version="1.0" encoding="ISO-8859-1" ?>
<Images>
	<Image>
		<Filename>abstract8.jpg</Filename>
		<Alias>abstract</Alias>
	</Image>
	<Image>
		<Filename>preview.jpg</Filename>
		<Alias>preview</Alias>
	</Image>
	<Image>
		<Filename>Frame1.jpg</Filename>
		<Alias>Bird1</Alias>
	</Image>
	<Image>
		<Filename>Frame2.jpg</Filename>
		<Alias>Bird2</Alias>
	</Image>
	<Image>
		<Filename>Frame3.jpg</Filename>
		<Alias>Bird3</Alias>
	</Image>
	<Image>
		<Filename>Frame4.jpg</Filename>
		<Alias>Bird4</Alias>
	</Image>
	<Image>
		<Filename>Frame5.jpg</Filename>
		<Alias>Bird5</Alias>
	</Image>
	<Image>
		<Filename>Frame6.jpg</Filename>
		<Alias>Bird6</Alias>
	</Image>
	<Image>
		<Filename>Frame7.jpg</Filename>
		<Alias>Bird7</Alias>
	</Image>
	<Image>
		<Filename>Frame8.jpg</Filename>
		<Alias>Bird8</Alias>
	</Image>
	<Image>
		<Filename>Frame9.jpg</Filename>
		<Alias>Bird9</Alias>
	</Image>
	<Image>
		<Filename>Frame1_Reversed.jpg</Filename>
		<Alias>Bird1R</Alias>
	</Image>
	<Image>
		<Filename>Frame2_Reversed.jpg</Filename>
		<Alias>Bird2R</Alias>
	</Image>
	<Image>
		<Filename>Frame3_Reversed.jpg</Filename>
		<Alias>Bird3R</Alias>
	</Image>
	<Image>
		<Filename>Frame4_Reversed.jpg</Filename>
		<Alias>Bird4R</Alias>
	</Image>
	<Image>
		<Filename>Frame5_Reversed.jpg</Filename>
		<Alias>Bird5R</Alias>
	</Image>
	<Image>
		<Filename>Frame6_Reversed.jpg</Filename>
		<Alias>Bird6R</Alias>
	</Image>
	<Image>
		<Filename>Frame7_Reversed.jpg</Filename>
		<Alias>Bird7R</Alias>
	</Image>
	<Image>
		<Filename>Frame8_Reversed.jpg</Filename>
		<Alias>Bird8R</Alias>
	</Image>
	<Image>
		<Filename>Frame9_Reversed.jpg</Filename>
		<Alias>Bird9R</Alias>
	</Image>
	<Image>
		<Filename>Frame1.png</Filename>
		<Alias>Bird1PNG</Alias>
	</Image>
	<Image>
		<Filename>Frame2.png</Filename>
		<Alias>Bird2PNG</Alias>
	</Image>
	<Image>
		<Filename>Frame3.png</Filename>
		<Alias>Bird3PNG</Alias>
	</Image>
	<Image>
		<Filename>Frame4.png</Filename>
		<Alias>Bird4PNG</Alias>
	</Image>
	<Image>
		<Filename>Frame5.png</Filename>
		<Alias>Bird5PNG</Alias>
	</Image>
	<Image>
		<Filename>Frame6.png</Filename>
		<Alias>Bird6PNG</Alias>
	</Image>
	<Image>
		<Filename>Frame7.png</Filename>
		<Alias>Bird7PNG</Alias>
	</Image>
	<Image>
		<Filename>Frame8.png</Filename>
		<Alias>Bird8PNG</Alias>
	</Image>
	<Image>
		<Filename>Frame9.png</Filename>
		<Alias>Bird9PNG</Alias>
	</Image>
	<Image>
		<Filename>Frame1_Reversed.png</Filename>
		<Alias>Bird1RPNG</Alias>
	</Image>
	<Image>
		<Filename>Frame2_Reversed.png</Filename>
		<Alias>Bird2RPNG</Alias>
	</Image>
	<Image>
		<Filename>Frame3_Reversed.png</Filename>
		<Alias>Bird3RPNG</Alias>
	</Image>
	<Image>
		<Filename>Frame4_Reversed.png</Filename>
		<Alias>Bird4RPNG</Alias>
	</Image>
	<Image>
		<Filename>Frame5_Reversed.png</Filename>
		<Alias>Bird5RPNG</Alias>
	</Image>
	<Image>
		<Filename>Frame6_Reversed.png</Filename>
		<Alias>Bird6RPNG</Alias>
	</Image>
	<Image>
		<Filename>Frame7_Reversed.png</Filename>
		<Alias>Bird7RPNG</Alias>
	</Image>
	<Image>
		<Filename>Frame8_Reversed.png</Filename>
		<Alias>Bird8RPNG</Alias>
	</Image>
	<Image>
		<Filename>Frame9_Reversed.png</Filename>
		<Alias>Bird9RPNG</Alias>
	</Image>
	<Image>
		<Filename>Butterfly1.png</Filename>
		<Alias>Butterfly1</Alias>
	</Image>
	<Image>
		<Filename>Butterfly2.png</Filename>
		<Alias>Butterfly2</Alias>
	</Image>
	<Image>
		<Filename>Butterfly3.png</Filename>
		<Alias>Butterfly3</Alias>
	</Image>
	<Image>
		<Filename>prettybackground.jpg</Filename>
		<Alias>Background</Alias>
	</Image>
	<Image>
		<Filename>dice.png</Filename>
		<Alias>Dice</Alias>
	</Image>
</Images>