<?xml version="1.0" encoding="ISO-8859-1" ?>
<Notes>
	<Note>
		<Letter>C</Letter>
		<Octave>0</Octave>
		<Frequency>16.35</Frequency>
		<HalfStepNumber>0</HalfStepNumber>
	</Note>
	<Note>
		<Letter>C#</Letter>
		<Octave>0</Octave>
		<Frequency>17.32</Frequency>
		<HalfStepNumber>1</HalfStepNumber>
	</Note>
	<Note>
		<Letter>Db</Letter>
		<Octave>0</Octave>
		<Frequency>17.32</Frequency>
		<HalfStepNumber>1</HalfStepNumber>
	</Note>
	<Note>
		<Letter>D</Letter>
		<Octave>0</Octave>
		<Frequency>18.35</Frequency>
		<HalfStepNumber>2</HalfStepNumber>
	</Note>
	<Note>
		<Letter>D#</Letter>
		<Octave>0</Octave>
		<Frequency>19.45</Frequency>
		<HalfStepNumber>3</HalfStepNumber>
	</Note>
	<Note>
		<Letter>Eb</Letter>
		<Octave>0</Octave>
		<Frequency>19.45</Frequency>
		<HalfStepNumber>3</HalfStepNumber>
	</Note>
	<Note>
		<Letter>E</Letter>
		<Octave>0</Octave>
		<Frequency>20.60</Frequency>
		<HalfStepNumber>4</HalfStepNumber>
	</Note>
	<Note>
		<Letter>F</Letter>
		<Octave>0</Octave>
		<Frequency>21.83</Frequency>
		<HalfStepNumber>5</HalfStepNumber>
	</Note>
	<Note>
		<Letter>F#</Letter>
		<Octave>0</Octave>
		<Frequency>23.12</Frequency>
		<HalfStepNumber>6</HalfStepNumber>
	</Note>
	<Note>
		<Letter>Gb</Letter>
		<Octave>0</Octave>
		<Frequency>23.12</Frequency>
		<HalfStepNumber>6</HalfStepNumber>
	</Note>
	<Note>
		<Letter>G</Letter>
		<Octave>0</Octave>
		<Frequency>24.50</Frequency>
		<HalfStepNumber>7</HalfStepNumber>
	</Note>
	<Note>
		<Letter>G#</Letter>
		<Octave>0</Octave>
		<Frequency>25.96</Frequency>
		<HalfStepNumber>8</HalfStepNumber>
	</Note>
	<Note>
		<Letter>Ab</Letter>
		<Octave>0</Octave>
		<Frequency>25.96</Frequency>
		<HalfStepNumber>8</HalfStepNumber>
	</Note>
	<Note>
		<Letter>A</Letter>
		<Octave>0</Octave>
		<Frequency>27.50</Frequency>
		<HalfStepNumber>9</HalfStepNumber>
	</Note>
	<Note>
		<Letter>A#</Letter>
		<Octave>0</Octave>
		<Frequency>29.14</Frequency>
		<HalfStepNumber>10</HalfStepNumber>
	</Note>
	<Note>
		<Letter>Bb</Letter>
		<Octave>0</Octave>
		<Frequency>29.14</Frequency>
		<HalfStepNumber>10</HalfStepNumber>
	</Note>
	<Note>
		<Letter>B</Letter>
		<Octave>0</Octave>
		<Frequency>30.87</Frequency>
		<HalfStepNumber>11</HalfStepNumber>
	</Note>


	<Note>
		<Letter>C</Letter>
		<Octave>1</Octave>
		<Frequency>32.70</Frequency>
		<HalfStepNumber>12</HalfStepNumber>
	</Note>
	<Note>
		<Letter>C#</Letter>
		<Octave>1</Octave>
		<Frequency>34.65</Frequency>
		<HalfStepNumber>13</HalfStepNumber>
	</Note>
	<Note>
		<Letter>Db</Letter>
		<Octave>1</Octave>
		<Frequency>34.65</Frequency>
		<HalfStepNumber>13</HalfStepNumber>
	</Note>
	<Note>
		<Letter>D</Letter>
		<Octave>1</Octave>
		<Frequency>36.71</Frequency>
		<HalfStepNumber>14</HalfStepNumber>
	</Note>
	<Note>
		<Letter>D#</Letter>
		<Octave>1</Octave>
		<Frequency>38.89</Frequency>
		<HalfStepNumber>15</HalfStepNumber>
	</Note>
	<Note>
		<Letter>Eb</Letter>
		<Octave>1</Octave>
		<Frequency>38.89</Frequency>
		<HalfStepNumber>15</HalfStepNumber>
	</Note>
	<Note>
		<Letter>E</Letter>
		<Octave>1</Octave>
		<Frequency>41.20</Frequency>
		<HalfStepNumber>16</HalfStepNumber>
	</Note>
	<Note>
		<Letter>F</Letter>
		<Octave>1</Octave>
		<Frequency>43.65</Frequency>
		<HalfStepNumber>17</HalfStepNumber>
	</Note>
	<Note>
		<Letter>F#</Letter>
		<Octave>1</Octave>
		<Frequency>46.25</Frequency>
		<HalfStepNumber>18</HalfStepNumber>
	</Note>
	<Note>
		<Letter>Gb</Letter>
		<Octave>1</Octave>
		<Frequency>46.25</Frequency>
		<HalfStepNumber>18</HalfStepNumber>
	</Note>
	<Note>
		<Letter>G</Letter>
		<Octave>1</Octave>
		<Frequency>49.00</Frequency>
		<HalfStepNumber>19</HalfStepNumber>
	</Note>
	<Note>
		<Letter>G#</Letter>
		<Octave>1</Octave>
		<Frequency>51.91</Frequency>
		<HalfStepNumber>20</HalfStepNumber>
	</Note>
	<Note>
		<Letter>Ab</Letter>
		<Octave>1</Octave>
		<Frequency>51.91</Frequency>
		<HalfStepNumber>20</HalfStepNumber>
	</Note>
	<Note>
		<Letter>A</Letter>
		<Octave>1</Octave>
		<Frequency>55.00</Frequency>
		<HalfStepNumber>21</HalfStepNumber>
	</Note>
	<Note>
		<Letter>A#</Letter>
		<Octave>1</Octave>
		<Frequency>58.27</Frequency>
		<HalfStepNumber>22</HalfStepNumber>
	</Note>
	<Note>
		<Letter>Bb</Letter>
		<Octave>1</Octave>
		<Frequency>58.27</Frequency>
		<HalfStepNumber>22</HalfStepNumber>
	</Note>
	<Note>
		<Letter>B</Letter>
		<Octave>1</Octave>
		<Frequency>61.74</Frequency>
		<HalfStepNumber>23</HalfStepNumber>
	</Note>


	<Note>
		<Letter>C</Letter>
		<Octave>2</Octave>
		<Frequency>65.41</Frequency>
		<HalfStepNumber>24</HalfStepNumber>
	</Note>
	<Note>
		<Letter>C#</Letter>
		<Octave>2</Octave>
		<Frequency>69.30</Frequency>
		<HalfStepNumber>25</HalfStepNumber>
	</Note>
	<Note>
		<Letter>Db</Letter>
		<Octave>2</Octave>
		<Frequency>69.30</Frequency>
		<HalfStepNumber>25</HalfStepNumber>
	</Note>
	<Note>
		<Letter>D</Letter>
		<Octave>2</Octave>
		<Frequency>73.42</Frequency>
		<HalfStepNumber>26</HalfStepNumber>
	</Note>
	<Note>
		<Letter>D#</Letter>
		<Octave>2</Octave>
		<Frequency>77.78</Frequency>
		<HalfStepNumber>27</HalfStepNumber>
	</Note>
	<Note>
		<Letter>Eb</Letter>
		<Octave>2</Octave>
		<Frequency>77.78</Frequency>
		<HalfStepNumber>27</HalfStepNumber>
	</Note>
	<Note>
		<Letter>E</Letter>
		<Octave>2</Octave>
		<Frequency>82.41</Frequency>
		<HalfStepNumber>28</HalfStepNumber>
	</Note>
	<Note>
		<Letter>F</Letter>
		<Octave>2</Octave>
		<Frequency>87.31</Frequency>
		<HalfStepNumber>29</HalfStepNumber>
	</Note>
	<Note>
		<Letter>F#</Letter>
		<Octave>2</Octave>
		<Frequency>92.50</Frequency>
		<HalfStepNumber>30</HalfStepNumber>
	</Note>
	<Note>
		<Letter>Gb</Letter>
		<Octave>2</Octave>
		<Frequency>92.50</Frequency>
		<HalfStepNumber>30</HalfStepNumber>
	</Note>
	<Note>
		<Letter>G</Letter>
		<Octave>2</Octave>
		<Frequency>98.00</Frequency>
		<HalfStepNumber>31</HalfStepNumber>
	</Note>
	<Note>
		<Letter>G#</Letter>
		<Octave>2</Octave>
		<Frequency>103.83</Frequency>
		<HalfStepNumber>32</HalfStepNumber>
	</Note>
	<Note>
		<Letter>Ab</Letter>
		<Octave>2</Octave>
		<Frequency>103.83</Frequency>
		<HalfStepNumber>32</HalfStepNumber>
	</Note>
	<Note>
		<Letter>A</Letter>
		<Octave>2</Octave>
		<Frequency>110.00</Frequency>
		<HalfStepNumber>33</HalfStepNumber>
	</Note>
	<Note>
		<Letter>A#</Letter>
		<Octave>2</Octave>
		<Frequency>116.54</Frequency>
		<HalfStepNumber>34</HalfStepNumber>
	</Note>
	<Note>
		<Letter>Bb</Letter>
		<Octave>2</Octave>
		<Frequency>116.54</Frequency>
		<HalfStepNumber>34</HalfStepNumber>
	</Note>
	<Note>
		<Letter>B</Letter>
		<Octave>2</Octave>
		<Frequency>123.47</Frequency>
		<HalfStepNumber>35</HalfStepNumber>
	</Note>


	<Note>
		<Letter>C</Letter>
		<Octave>3</Octave>
		<Frequency>130.81</Frequency>
		<HalfStepNumber>36</HalfStepNumber>
	</Note>
	<Note>
		<Letter>C#</Letter>
		<Octave>3</Octave>
		<Frequency>138.59</Frequency>
		<HalfStepNumber>37</HalfStepNumber>
	</Note>
	<Note>
		<Letter>Db</Letter>
		<Octave>3</Octave>
		<Frequency>138.59</Frequency>
		<HalfStepNumber>37</HalfStepNumber>
	</Note>
	<Note>
		<Letter>D</Letter>
		<Octave>3</Octave>
		<Frequency>146.83</Frequency>
		<HalfStepNumber>38</HalfStepNumber>
	</Note>
	<Note>
		<Letter>D#</Letter>
		<Octave>3</Octave>
		<Frequency>155.56</Frequency>
		<HalfStepNumber>39</HalfStepNumber>
	</Note>
	<Note>
		<Letter>Eb</Letter>
		<Octave>3</Octave>
		<Frequency>155.56</Frequency>
		<HalfStepNumber>39</HalfStepNumber>
	</Note>
	<Note>
		<Letter>E</Letter>
		<Octave>3</Octave>
		<Frequency>164.81</Frequency>
		<HalfStepNumber>40</HalfStepNumber>
	</Note>
	<Note>
		<Letter>F</Letter>
		<Octave>3</Octave>
		<Frequency>174.61</Frequency>
		<HalfStepNumber>41</HalfStepNumber>
	</Note>
	<Note>
		<Letter>F#</Letter>
		<Octave>3</Octave>
		<Frequency>185.00</Frequency>
		<HalfStepNumber>42</HalfStepNumber>
	</Note>
	<Note>
		<Letter>Gb</Letter>
		<Octave>3</Octave>
		<Frequency>185.00</Frequency>
		<HalfStepNumber>42</HalfStepNumber>
	</Note>
	<Note>
		<Letter>G</Letter>
		<Octave>3</Octave>
		<Frequency>196.00</Frequency>
		<HalfStepNumber>43</HalfStepNumber>
	</Note>
	<Note>
		<Letter>G#</Letter>
		<Octave>3</Octave>
		<Frequency>207.65</Frequency>
		<HalfStepNumber>44</HalfStepNumber>
	</Note>
	<Note>
		<Letter>Ab</Letter>
		<Octave>3</Octave>
		<Frequency>207.65</Frequency>
		<HalfStepNumber>44</HalfStepNumber>
	</Note>
	<Note>
		<Letter>A</Letter>
		<Octave>3</Octave>
		<Frequency>220.00</Frequency>
		<HalfStepNumber>45</HalfStepNumber>
	</Note>
	<Note>
		<Letter>A#</Letter>
		<Octave>3</Octave>
		<Frequency>233.08</Frequency>
		<HalfStepNumber>46</HalfStepNumber>
	</Note>
	<Note>
		<Letter>Bb</Letter>
		<Octave>3</Octave>
		<Frequency>233.08</Frequency>
		<HalfStepNumber>46</HalfStepNumber>
	</Note>
	<Note>
		<Letter>B</Letter>
		<Octave>3</Octave>
		<Frequency>246.94</Frequency>
		<HalfStepNumber>47</HalfStepNumber>
	</Note>


	<Note>
		<Letter>C</Letter>
		<Octave>4</Octave>
		<Frequency>261.63</Frequency>
		<HalfStepNumber>48</HalfStepNumber>
	</Note>
	<Note>
		<Letter>C#</Letter>
		<Octave>4</Octave>
		<Frequency>277.18</Frequency>
		<HalfStepNumber>49</HalfStepNumber>
	</Note>
	<Note>
		<Letter>Db</Letter>
		<Octave>4</Octave>
		<Frequency>277.18</Frequency>
		<HalfStepNumber>49</HalfStepNumber>
	</Note>
	<Note>
		<Letter>D</Letter>
		<Octave>4</Octave>
		<Frequency>293.66</Frequency>
		<HalfStepNumber>50</HalfStepNumber>
	</Note>
	<Note>
		<Letter>D#</Letter>
		<Octave>4</Octave>
		<Frequency>311.13</Frequency>
		<HalfStepNumber>51</HalfStepNumber>
	</Note>
	<Note>
		<Letter>Eb</Letter>
		<Octave>4</Octave>
		<Frequency>311.13</Frequency>
		<HalfStepNumber>51</HalfStepNumber>
	</Note>
	<Note>
		<Letter>E</Letter>
		<Octave>4</Octave>
		<Frequency>329.63</Frequency>
		<HalfStepNumber>52</HalfStepNumber>
	</Note>
	<Note>
		<Letter>F</Letter>
		<Octave>4</Octave>
		<Frequency>349.23</Frequency>
		<HalfStepNumber>53</HalfStepNumber>
	</Note>
	<Note>
		<Letter>F#</Letter>
		<Octave>4</Octave>
		<Frequency>369.99</Frequency>
		<HalfStepNumber>54</HalfStepNumber>
	</Note>
	<Note>
		<Letter>Gb</Letter>
		<Octave>4</Octave>
		<Frequency>369.99</Frequency>
		<HalfStepNumber>54</HalfStepNumber>
	</Note>
	<Note>
		<Letter>G</Letter>
		<Octave>4</Octave>
		<Frequency>392.00</Frequency>
		<HalfStepNumber>55</HalfStepNumber>
	</Note>
	<Note>
		<Letter>G#</Letter>
		<Octave>4</Octave>
		<Frequency>415.30</Frequency>
		<HalfStepNumber>56</HalfStepNumber>
	</Note>
	<Note>
		<Letter>Ab</Letter>
		<Octave>4</Octave>
		<Frequency>415.30</Frequency>
		<HalfStepNumber>56</HalfStepNumber>
	</Note>
	<Note>
		<Letter>A</Letter>
		<Octave>4</Octave>
		<Frequency>440.00</Frequency>
		<HalfStepNumber>57</HalfStepNumber>
	</Note>
	<Note>
		<Letter>A#</Letter>
		<Octave>4</Octave>
		<Frequency>466.16</Frequency>
		<HalfStepNumber>58</HalfStepNumber>
	</Note>
	<Note>
		<Letter>Bb</Letter>
		<Octave>4</Octave>
		<Frequency>466.16</Frequency>
		<HalfStepNumber>58</HalfStepNumber>
	</Note>
	<Note>
		<Letter>B</Letter>
		<Octave>4</Octave>
		<Frequency>493.88</Frequency>
		<HalfStepNumber>59</HalfStepNumber>
	</Note>


	<Note>
		<Letter>C</Letter>
		<Octave>5</Octave>
		<Frequency>523.25</Frequency>
		<HalfStepNumber>60</HalfStepNumber>
	</Note>
	<Note>
		<Letter>C#</Letter>
		<Octave>5</Octave>
		<Frequency>554.37</Frequency>
		<HalfStepNumber>61</HalfStepNumber>
	</Note>
	<Note>
		<Letter>Db</Letter>
		<Octave>5</Octave>
		<Frequency>554.37</Frequency>
		<HalfStepNumber>61</HalfStepNumber>
	</Note>
	<Note>
		<Letter>D</Letter>
		<Octave>5</Octave>
		<Frequency>587.33</Frequency>
		<HalfStepNumber>62</HalfStepNumber>
	</Note>
	<Note>
		<Letter>D#</Letter>
		<Octave>5</Octave>
		<Frequency>622.25</Frequency>
		<HalfStepNumber>63</HalfStepNumber>
	</Note>
	<Note>
		<Letter>Eb</Letter>
		<Octave>5</Octave>
		<Frequency>622.25</Frequency>
		<HalfStepNumber>63</HalfStepNumber>
	</Note>
	<Note>
		<Letter>E</Letter>
		<Octave>5</Octave>
		<Frequency>659.25</Frequency>
		<HalfStepNumber>64</HalfStepNumber>
	</Note>
	<Note>
		<Letter>F</Letter>
		<Octave>5</Octave>
		<Frequency>698.46</Frequency>
		<HalfStepNumber>65</HalfStepNumber>
	</Note>
	<Note>
		<Letter>F#</Letter>
		<Octave>5</Octave>
		<Frequency>739.99</Frequency>
		<HalfStepNumber>66</HalfStepNumber>
	</Note>
	<Note>
		<Letter>Gb</Letter>
		<Octave>5</Octave>
		<Frequency>739.99</Frequency>
		<HalfStepNumber>66</HalfStepNumber>
	</Note>
	<Note>
		<Letter>G</Letter>
		<Octave>5</Octave>
		<Frequency>783.99</Frequency>
		<HalfStepNumber>67</HalfStepNumber>
	</Note>
	<Note>
		<Letter>G#</Letter>
		<Octave>5</Octave>
		<Frequency>830.61</Frequency>
		<HalfStepNumber>68</HalfStepNumber>
	</Note>
	<Note>
		<Letter>Ab</Letter>
		<Octave>5</Octave>
		<Frequency>830.61</Frequency>
		<HalfStepNumber>68</HalfStepNumber>
	</Note>
	<Note>
		<Letter>A</Letter>
		<Octave>5</Octave>
		<Frequency>880.00</Frequency>
		<HalfStepNumber>69</HalfStepNumber>
	</Note>
	<Note>
		<Letter>A#</Letter>
		<Octave>5</Octave>
		<Frequency>932.33</Frequency>
		<HalfStepNumber>70</HalfStepNumber>
	</Note>
	<Note>
		<Letter>Bb</Letter>
		<Octave>5</Octave>
		<Frequency>932.33</Frequency>
		<HalfStepNumber>70</HalfStepNumber>
	</Note>
	<Note>
		<Letter>B</Letter>
		<Octave>5</Octave>
		<Frequency>987.77</Frequency>
		<HalfStepNumber>71</HalfStepNumber>
	</Note>


	<Note>
		<Letter>C</Letter>
		<Octave>6</Octave>
		<Frequency>1046.50</Frequency>
		<HalfStepNumber>72</HalfStepNumber>
	</Note>
	<Note>
		<Letter>C#</Letter>
		<Octave>6</Octave>
		<Frequency>1108.73</Frequency>
		<HalfStepNumber>73</HalfStepNumber>
	</Note>
	<Note>
		<Letter>Db</Letter>
		<Octave>6</Octave>
		<Frequency>1108.73</Frequency>
		<HalfStepNumber>73</HalfStepNumber>
	</Note>
	<Note>
		<Letter>D</Letter>
		<Octave>6</Octave>
		<Frequency>1174.66</Frequency>
		<HalfStepNumber>74</HalfStepNumber>
	</Note>
	<Note>
		<Letter>D#</Letter>
		<Octave>6</Octave>
		<Frequency>1244.51</Frequency>
		<HalfStepNumber>75</HalfStepNumber>
	</Note>
	<Note>
		<Letter>Eb</Letter>
		<Octave>6</Octave>
		<Frequency>1244.51</Frequency>
		<HalfStepNumber>75</HalfStepNumber>
	</Note>
	<Note>
		<Letter>E</Letter>
		<Octave>6</Octave>
		<Frequency>1318.51</Frequency>
		<HalfStepNumber>76</HalfStepNumber>
	</Note>
	<Note>
		<Letter>F</Letter>
		<Octave>6</Octave>
		<Frequency>1396.91</Frequency>
		<HalfStepNumber>77</HalfStepNumber>
	</Note>
	<Note>
		<Letter>F#</Letter>
		<Octave>6</Octave>
		<Frequency>1479.98</Frequency>
		<HalfStepNumber>78</HalfStepNumber>
	</Note>
	<Note>
		<Letter>Gb</Letter>
		<Octave>6</Octave>
		<Frequency>1479.98</Frequency>
		<HalfStepNumber>78</HalfStepNumber>
	</Note>
	<Note>
		<Letter>G</Letter>
		<Octave>6</Octave>
		<Frequency>1567.98</Frequency>
		<HalfStepNumber>79</HalfStepNumber>
	</Note>
	<Note>
		<Letter>G#</Letter>
		<Octave>6</Octave>
		<Frequency>1661.22</Frequency>
		<HalfStepNumber>80</HalfStepNumber>
	</Note>
	<Note>
		<Letter>Ab</Letter>
		<Octave>6</Octave>
		<Frequency>1661.22</Frequency>
		<HalfStepNumber>80</HalfStepNumber>
	</Note>
	<Note>
		<Letter>A</Letter>
		<Octave>6</Octave>
		<Frequency>1760.00</Frequency>
		<HalfStepNumber>81</HalfStepNumber>
	</Note>
	<Note>
		<Letter>A#</Letter>
		<Octave>6</Octave>
		<Frequency>1864.66</Frequency>
		<HalfStepNumber>82</HalfStepNumber>
	</Note>
	<Note>
		<Letter>Bb</Letter>
		<Octave>6</Octave>
		<Frequency>1864.66</Frequency>
		<HalfStepNumber>82</HalfStepNumber>
	</Note>
	<Note>
		<Letter>B</Letter>
		<Octave>6</Octave>
		<Frequency>1975.53</Frequency>
		<HalfStepNumber>83</HalfStepNumber>
	</Note>


	<Note>
		<Letter>C</Letter>
		<Octave>7</Octave>
		<Frequency>2093.00</Frequency>
		<HalfStepNumber>84</HalfStepNumber>
	</Note>
	<Note>
		<Letter>C#</Letter>
		<Octave>7</Octave>
		<Frequency>2217.46</Frequency>
		<HalfStepNumber>85</HalfStepNumber>
	</Note>
	<Note>
		<Letter>Db</Letter>
		<Octave>7</Octave>
		<Frequency>2217.46</Frequency>
		<HalfStepNumber>85</HalfStepNumber>
	</Note>
	<Note>
		<Letter>D</Letter>
		<Octave>7</Octave>
		<Frequency>2349.32</Frequency>
		<HalfStepNumber>86</HalfStepNumber>
	</Note>
	<Note>
		<Letter>D#</Letter>
		<Octave>7</Octave>
		<Frequency>2489.02</Frequency>
		<HalfStepNumber>87</HalfStepNumber>
	</Note>
	<Note>
		<Letter>Eb</Letter>
		<Octave>7</Octave>
		<Frequency>2489.02</Frequency>
		<HalfStepNumber>87</HalfStepNumber>
	</Note>
	<Note>
		<Letter>E</Letter>
		<Octave>7</Octave>
		<Frequency>2637.02</Frequency>
		<HalfStepNumber>88</HalfStepNumber>
	</Note>
	<Note>
		<Letter>F</Letter>
		<Octave>7</Octave>
		<Frequency>2793.83</Frequency>
		<HalfStepNumber>89</HalfStepNumber>
	</Note>
	<Note>
		<Letter>F#</Letter>
		<Octave>7</Octave>
		<Frequency>2959.96</Frequency>
		<HalfStepNumber>90</HalfStepNumber>
	</Note>
	<Note>
		<Letter>Gb</Letter>
		<Octave>7</Octave>
		<Frequency>2959.96</Frequency>
		<HalfStepNumber>90</HalfStepNumber>
	</Note>
	<Note>
		<Letter>G</Letter>
		<Octave>7</Octave>
		<Frequency>3135.96</Frequency>
		<HalfStepNumber>91</HalfStepNumber>
	</Note>
	<Note>
		<Letter>G#</Letter>
		<Octave>7</Octave>
		<Frequency>3322.44</Frequency>
		<HalfStepNumber>92</HalfStepNumber>
	</Note>
	<Note>
		<Letter>Ab</Letter>
		<Octave>7</Octave>
		<Frequency>3322.44</Frequency>
		<HalfStepNumber>92</HalfStepNumber>
	</Note>
	<Note>
		<Letter>A</Letter>
		<Octave>7</Octave>
		<Frequency>3520.00</Frequency>
		<HalfStepNumber>93</HalfStepNumber>
	</Note>
	<Note>
		<Letter>A#</Letter>
		<Octave>7</Octave>
		<Frequency>3729.31</Frequency>
		<HalfStepNumber>94</HalfStepNumber>
	</Note>
	<Note>
		<Letter>Bb</Letter>
		<Octave>7</Octave>
		<Frequency>3729.31</Frequency>
		<HalfStepNumber>94</HalfStepNumber>
	</Note>
	<Note>
		<Letter>B</Letter>
		<Octave>7</Octave>
		<Frequency>3951.07</Frequency>
		<HalfStepNumber>95</HalfStepNumber>
	</Note>


	<Note>
		<Letter>C</Letter>
		<Octave>8</Octave>
		<Frequency>4186.01</Frequency>
		<HalfStepNumber>96</HalfStepNumber>
	</Note>
	<Note>
		<Letter>C#</Letter>
		<Octave>8</Octave>
		<Frequency>4434.92</Frequency>
		<HalfStepNumber>97</HalfStepNumber>
	</Note>
	<Note>
		<Letter>Db</Letter>
		<Octave>8</Octave>
		<Frequency>4434.92</Frequency>
		<HalfStepNumber>97</HalfStepNumber>
	</Note>
	<Note>
		<Letter>D</Letter>
		<Octave>8</Octave>
		<Frequency>4698.63</Frequency>
		<HalfStepNumber>98</HalfStepNumber>
	</Note>
	<Note>
		<Letter>D#</Letter>
		<Octave>8</Octave>
		<Frequency>4978.03</Frequency>
		<HalfStepNumber>99</HalfStepNumber>
	</Note>
	<Note>
		<Letter>Eb</Letter>
		<Octave>8</Octave>
		<Frequency>4978.03</Frequency>
		<HalfStepNumber>99</HalfStepNumber>
	</Note>
	<Note>
		<Letter>E</Letter>
		<Octave>8</Octave>
		<Frequency>5274.04</Frequency>
		<HalfStepNumber>100</HalfStepNumber>
	</Note>
	<Note>
		<Letter>F</Letter>
		<Octave>8</Octave>
		<Frequency>5587.65</Frequency>
		<HalfStepNumber>101</HalfStepNumber>
	</Note>
	<Note>
		<Letter>F#</Letter>
		<Octave>8</Octave>
		<Frequency>5919.91</Frequency>
		<HalfStepNumber>102</HalfStepNumber>
	</Note>
	<Note>
		<Letter>Gb</Letter>
		<Octave>8</Octave>
		<Frequency>5919.91</Frequency>
		<HalfStepNumber>102</HalfStepNumber>
	</Note>
	<Note>
		<Letter>G</Letter>
		<Octave>8</Octave>
		<Frequency>6271.93</Frequency>
		<HalfStepNumber>103</HalfStepNumber>
	</Note>
	<Note>
		<Letter>G#</Letter>
		<Octave>8</Octave>
		<Frequency>6644.88</Frequency>
		<HalfStepNumber>104</HalfStepNumber>
	</Note>
	<Note>
		<Letter>Ab</Letter>
		<Octave>8</Octave>
		<Frequency>6644.88</Frequency>
		<HalfStepNumber>104</HalfStepNumber>
	</Note>
	<Note>
		<Letter>A</Letter>
		<Octave>8</Octave>
		<Frequency>7040.00</Frequency>
		<HalfStepNumber>105</HalfStepNumber>
	</Note>
	<Note>
		<Letter>A#</Letter>
		<Octave>8</Octave>
		<Frequency>7458.62</Frequency>
		<HalfStepNumber>106</HalfStepNumber>
	</Note>
	<Note>
		<Letter>Bb</Letter>
		<Octave>8</Octave>
		<Frequency>7458.62</Frequency>
		<HalfStepNumber>106</HalfStepNumber>
	</Note>
	<Note>
		<Letter>B</Letter>
		<Octave>8</Octave>
		<Frequency>7902.13</Frequency>
		<HalfStepNumber>107</HalfStepNumber>
	</Note>
</Notes>