<?xml version="1.0" encoding="ISO-8859-1" ?>
<Images>
	<Image>
		<Filename>Assets/Images/BetterBackground.jpg</Filename>
		<Alias>BetterBackground</Alias>
	</Image>
	<Image>
		<Filename>Assets/Images/InnerGC.png</Filename>
		<Alias>InnerGC</Alias>
	</Image>
	<Image>
		<Filename>Assets/Images/MiddleGC.png</Filename>
		<Alias>MiddleGC</Alias>
	</Image>
	<Image>
		<Filename>Assets/Images/OuterGC.png</Filename>
		<Alias>OuterGC</Alias>
	</Image>
	<Image>
		<Filename>Assets/Images/IndexBackground.jpg</Filename>
		<Alias>IndexBackground</Alias>
	</Image>
	<Image>
		<Filename>Assets/Images/HelperTop_SweepL1.png</Filename>
		<Alias>HelperTop_SweepL1</Alias>
	</Image>
	<Image>
		<Filename>Assets/Images/HelperTop_SweepL2.png</Filename>
		<Alias>HelperTop_SweepL2</Alias>
	</Image>
	<Image>
		<Filename>Assets/Images/HelperTop_SweepL3.png</Filename>
		<Alias>HelperTop_SweepL3</Alias>
	</Image>
	<Image>
		<Filename>Assets/Images/HelperTop_SweepL4.png</Filename>
		<Alias>HelperTop_SweepL4</Alias>
	</Image>
	<Image>
		<Filename>Assets/Images/HelperTop_SweepL5.png</Filename>
		<Alias>HelperTop_SweepL5</Alias>
	</Image>
	<Image>
		<Filename>Assets/Images/HelperBtm_SweepL1.png</Filename>
		<Alias>HelperBtm_SweepL1</Alias>
	</Image>
	<Image>
		<Filename>Assets/Images/HelperBtm_SweepL2.png</Filename>
		<Alias>HelperBtm_SweepL2</Alias>
	</Image>
	<Image>
		<Filename>Assets/Images/HelperBtm_SweepL3.png</Filename>
		<Alias>HelperBtm_SweepL3</Alias>
	</Image>
	<Image>
		<Filename>Assets/Images/HelperBtm_SweepL4.png</Filename>
		<Alias>HelperBtm_SweepL4</Alias>
	</Image>
	<Image>
		<Filename>Assets/Images/HelperBtm_SweepL5.png</Filename>
		<Alias>HelperBtm_SweepL5</Alias>
	</Image>
	<Image>
		<Filename>Assets/Images/HelperTop_SweepR1.png</Filename>
		<Alias>HelperTop_SweepR1</Alias>
	</Image>
	<Image>
		<Filename>Assets/Images/HelperTop_SweepR2.png</Filename>
		<Alias>HelperTop_SweepR2</Alias>
	</Image>
	<Image>
		<Filename>Assets/Images/HelperTop_SweepR3.png</Filename>
		<Alias>HelperTop_SweepR3</Alias>
	</Image>
	<Image>
		<Filename>Assets/Images/HelperTop_SweepR4.png</Filename>
		<Alias>HelperTop_SweepR4</Alias>
	</Image>
	<Image>
		<Filename>Assets/Images/HelperTop_SweepR5.png</Filename>
		<Alias>HelperTop_SweepR5</Alias>
	</Image>
	<Image>
		<Filename>Assets/Images/HelperBtm_SweepR1.png</Filename>
		<Alias>HelperBtm_SweepR1</Alias>
	</Image>
	<Image>
		<Filename>Assets/Images/HelperBtm_SweepR2.png</Filename>
		<Alias>HelperBtm_SweepR2</Alias>
	</Image>
	<Image>
		<Filename>Assets/Images/HelperBtm_SweepR3.png</Filename>
		<Alias>HelperBtm_SweepR3</Alias>
	</Image>
	<Image>
		<Filename>Assets/Images/HelperBtm_SweepR4.png</Filename>
		<Alias>HelperBtm_SweepR4</Alias>
	</Image>
	<Image>
		<Filename>Assets/Images/HelperBtm_SweepR5.png</Filename>
		<Alias>HelperBtm_SweepR5</Alias>
	</Image>
</Images>