<?xml version="1.0" encoding="ISO-8859-1" ?>
<Images>
	<Image>
		<Filename>Assets/Images/abstract8.jpg</Filename>
		<Alias>abstract</Alias>
	</Image>
	<Image>
		<Filename>Assets/Images/preview.jpg</Filename>
		<Alias>preview</Alias>
	</Image>
	<Image>
		<Filename>Assets/Images/Frame1.jpg</Filename>
		<Alias>Bird1</Alias>
	</Image>
	<Image>
		<Filename>Assets/Images/Frame2.jpg</Filename>
		<Alias>Bird2</Alias>
	</Image>
	<Image>
		<Filename>Assets/Images/Frame3.jpg</Filename>
		<Alias>Bird3</Alias>
	</Image>
	<Image>
		<Filename>Assets/Images/Frame4.jpg</Filename>
		<Alias>Bird4</Alias>
	</Image>
	<Image>
		<Filename>Assets/Images/Frame5.jpg</Filename>
		<Alias>Bird5</Alias>
	</Image>
	<Image>
		<Filename>Assets/Images/Frame6.jpg</Filename>
		<Alias>Bird6</Alias>
	</Image>
	<Image>
		<Filename>Assets/Images/Frame7.jpg</Filename>
		<Alias>Bird7</Alias>
	</Image>
	<Image>
		<Filename>Assets/Images/Frame8.jpg</Filename>
		<Alias>Bird8</Alias>
	</Image>
	<Image>
		<Filename>Assets/Images/Frame9.jpg</Filename>
		<Alias>Bird9</Alias>
	</Image>
	<Image>
		<Filename>Assets/Images/Frame1_Reversed.jpg</Filename>
		<Alias>Bird1R</Alias>
	</Image>
	<Image>
		<Filename>Assets/Images/Frame2_Reversed.jpg</Filename>
		<Alias>Bird2R</Alias>
	</Image>
	<Image>
		<Filename>Assets/Images/Frame3_Reversed.jpg</Filename>
		<Alias>Bird3R</Alias>
	</Image>
	<Image>
		<Filename>Assets/Images/Frame4_Reversed.jpg</Filename>
		<Alias>Bird4R</Alias>
	</Image>
	<Image>
		<Filename>Assets/Images/Frame5_Reversed.jpg</Filename>
		<Alias>Bird5R</Alias>
	</Image>
	<Image>
		<Filename>Assets/Images/Frame6_Reversed.jpg</Filename>
		<Alias>Bird6R</Alias>
	</Image>
	<Image>
		<Filename>Assets/Images/Frame7_Reversed.jpg</Filename>
		<Alias>Bird7R</Alias>
	</Image>
	<Image>
		<Filename>Assets/Images/Frame8_Reversed.jpg</Filename>
		<Alias>Bird8R</Alias>
	</Image>
	<Image>
		<Filename>Assets/Images/Frame9_Reversed.jpg</Filename>
		<Alias>Bird9R</Alias>
	</Image>
	<Image>
		<Filename>Assets/Images/Frame1.png</Filename>
		<Alias>Bird1PNG</Alias>
	</Image>
	<Image>
		<Filename>Assets/Images/Frame2.png</Filename>
		<Alias>Bird2PNG</Alias>
	</Image>
	<Image>
		<Filename>Assets/Images/Frame3.png</Filename>
		<Alias>Bird3PNG</Alias>
	</Image>
	<Image>
		<Filename>Assets/Images/Frame4.png</Filename>
		<Alias>Bird4PNG</Alias>
	</Image>
	<Image>
		<Filename>Assets/Images/Frame5.png</Filename>
		<Alias>Bird5PNG</Alias>
	</Image>
	<Image>
		<Filename>Assets/Images/Frame6.png</Filename>
		<Alias>Bird6PNG</Alias>
	</Image>
	<Image>
		<Filename>Assets/Images/Frame7.png</Filename>
		<Alias>Bird7PNG</Alias>
	</Image>
	<Image>
		<Filename>Assets/Images/Frame8.png</Filename>
		<Alias>Bird8PNG</Alias>
	</Image>
	<Image>
		<Filename>Assets/Images/Frame9.png</Filename>
		<Alias>Bird9PNG</Alias>
	</Image>
	<Image>
		<Filename>Assets/Images/Frame1_Reversed.png</Filename>
		<Alias>Bird1RPNG</Alias>
	</Image>
	<Image>
		<Filename>Assets/Images/Frame2_Reversed.png</Filename>
		<Alias>Bird2RPNG</Alias>
	</Image>
	<Image>
		<Filename>Assets/Images/Frame3_Reversed.png</Filename>
		<Alias>Bird3RPNG</Alias>
	</Image>
	<Image>
		<Filename>Assets/Images/Frame4_Reversed.png</Filename>
		<Alias>Bird4RPNG</Alias>
	</Image>
	<Image>
		<Filename>Assets/Images/Frame5_Reversed.png</Filename>
		<Alias>Bird5RPNG</Alias>
	</Image>
	<Image>
		<Filename>Assets/Images/Frame6_Reversed.png</Filename>
		<Alias>Bird6RPNG</Alias>
	</Image>
	<Image>
		<Filename>Assets/Images/Frame7_Reversed.png</Filename>
		<Alias>Bird7RPNG</Alias>
	</Image>
	<Image>
		<Filename>Assets/Images/Frame8_Reversed.png</Filename>
		<Alias>Bird8RPNG</Alias>
	</Image>
	<Image>
		<Filename>Assets/Images/Frame9_Reversed.png</Filename>
		<Alias>Bird9RPNG</Alias>
	</Image>
	<Image>
		<Filename>Assets/Images/Butterfly1.png</Filename>
		<Alias>Butterfly1</Alias>
	</Image>
	<Image>
		<Filename>Assets/Images/Butterfly2.png</Filename>
		<Alias>Butterfly2</Alias>
	</Image>
	<Image>
		<Filename>Assets/Images/Butterfly3.png</Filename>
		<Alias>Butterfly3</Alias>
	</Image>
	<Image>
		<Filename>Assets/Images/prettybackground.jpg</Filename>
		<Alias>Background</Alias>
	</Image>
	<Image>
		<Filename>Assets/Images/dice.png</Filename>
		<Alias>Dice</Alias>
	</Image>
</Images>